system,CO-atop,d-dos height,d-dos height2,d-dos position,d-dos position2,d-dos width,d-dos width2,p-dos height,p-dos height2,p-dos position,p-dos position2,p-dos width,p-dos width2,s-dos height,s-dos height2,s-dos position,s-dos position2,s-dos width,s-dos width2,efermi
Pd0.9Ir0.1_111,-2.183,2517.622,1254.818,-2.329,-0.342,2.432,0.867,84.592,104.339,-2.603,3.537,2.587,2.153,151.443,38.754,-4.8,1.003,1.449,2.669,-1.508
Ir0.4Au0.6_111,-2.131,1958.674,959.375,-3.868,-0.394,2.455,1.749,89.998,92.248,-3.401,3.071,3.599,2.431,152.441,64.433,-6.578,4.952,1.401,0.768,-0.987
Ir0.65Pt0.35_111,-2.072,1733.066,1004.732,-3.213,0.167,3.38,1.217,133.721,58.479,-3.422,2.076,3.729,1.122,218.861,45.702,-6.923,-3.255,1.785,0.966,-0.415
Pd0.65Ir0.35_111,-2.056,2261.284,885.86,-2.517,-0.18,2.841,0.925,102.949,97.268,-2.861,2.89,3.036,1.67,169.823,38.169,-5.613,1.697,1.659,1.795,-1.104
Ir0.25Cu0.75_111,-1.932,1362.062,2224.802,-2.48,-2.363,2.803,1.193,92.305,104.295,-3.286,2.967,2.945,2.989,129.432,52.109,-5.732,5.594,2.324,0.906,-1.456
Ir0.55Pt0.45_111,-1.917,1630.493,842.099,-3.045,0.093,3.51,1.074,119.203,83.952,-3.402,2.796,3.694,1.48,200.022,42.142,-6.856,2.927,1.766,1.457,-0.49
Pd0.25Ir0.75_111,-1.914,1835.852,879.162,-2.929,0.238,3.331,1.186,132.701,64.119,-3.203,2.227,3.65,1.208,201.941,43.1,-6.645,-3.004,1.841,1.011,-0.472
Ir0.8Au0.2_111,-1.914,1749.613,987.724,-3.425,0.237,3.371,1.3,134.829,53.146,-3.314,1.995,3.93,1.048,217.806,54.295,-6.975,-2.696,1.808,1.887,-0.387
Ir0.75Au0.25_111,-1.913,1668.598,953.678,-3.515,0.131,3.21,1.46,119.92,80.278,-3.208,2.709,3.961,1.386,196.469,49.266,-6.892,-2.401,1.768,2.667,-0.515
Ir0.65Ag0.35_111,-1.913,2045.556,1290.97,-4.187,-0.402,2.22,1.99,108.877,81.828,-2.857,2.664,4.002,1.402,160.619,49.701,-6.483,-2.065,1.447,6.261,-0.774
Pd0.3Ir0.7_111,-1.894,1928.611,880.987,-2.873,0.182,3.252,1.149,130.577,67.083,-3.166,2.206,3.546,1.22,200.942,42.97,-6.493,-2.933,1.821,0.951,-0.591
Ir0.75Ag0.25_111,-1.873,1828.686,1253.774,-3.999,-0.174,2.506,1.9,116.766,86.116,-2.961,2.794,3.908,1.417,166.524,47.133,-6.583,-2.146,1.502,6.554,-0.583
Ir0.45Au0.55_111,-1.871,1834.565,983.238,-3.893,-0.39,2.5,1.868,93.194,93.234,-3.301,3.253,3.69,2.353,178.641,59.446,-6.594,2.733,1.636,2.454,-0.917
Rh0.4Ag0.6_111,-1.866,2893.421,1542.216,-4.017,-0.635,1.718,1.489,62.433,102.279,-1.125,3.586,3.343,2.027,111.473,55.844,-5.327,-0.788,1.096,5.42,-1.431
Ir0.4Pt0.6_111,-1.866,1715.076,854.843,-2.985,-0.037,3.397,1.032,114.52,83.237,-3.387,2.678,3.566,1.486,198.25,43.794,-6.725,2.848,1.747,1.392,-0.638
Pd0.45Ir0.55_111,-1.861,1970.434,729.119,-2.605,0.005,3.158,0.984,111.572,93.65,-3.003,2.961,3.36,1.637,173.005,36.456,-6.109,-2.764,1.81,0.894,-0.823
Ir0.7Pt0.3_111,-1.849,1689.977,1020.192,-3.253,0.209,3.409,1.232,135.267,58.669,-3.422,2.123,3.775,1.11,219.348,45.868,-6.97,-3.278,1.787,0.973,-0.348
Pd0.4Ir0.6_111,-1.848,1873.236,667.351,-2.632,0.07,3.278,0.997,113.138,89.782,-3.077,2.979,3.502,1.633,169.397,36.33,-6.328,-2.845,1.891,0.946,-0.702
Ir0.45Pt0.55_111,-1.848,1679.706,827.872,-3.002,0.014,3.447,1.055,116.215,83.307,-3.399,2.721,3.618,1.483,198.421,43.274,-6.782,2.866,1.756,1.422,-0.575
Pd0.15Ir0.85_111,-1.84,1740.046,932.272,-3.065,0.32,3.401,1.265,139.096,62.921,-3.251,2.3,3.742,1.142,215.417,44.713,-6.791,-3.122,1.8,1,-0.345
Ir0.8Pt0.2_111,-1.828,1647.405,995.514,-3.25,0.288,3.465,1.258,138.76,58.833,-3.413,2.199,3.818,1.099,220.228,46.096,-7.014,-3.273,1.8,0.989,-0.267
Rh0.8Ir0.2_111,-1.828,2140.781,1318.703,-2.683,0.157,2.971,1.052,129.7,33.706,-2.821,1.563,3.168,1.027,190.112,48.56,-5.629,-2.343,1.665,1.028,-0.647
Rh0.25Pd0.75_111,-1.823,2512.623,1314.977,-2.364,-0.265,2.442,0.899,83.651,87.515,-2.285,2.957,2.2,1.976,167.716,38.081,-4.704,1.003,1.222,2.828,-1.438
Ir0.9Cu0.1_111,-1.816,1780.8,643.622,-2.755,0.461,3.564,1.102,143.77,59.526,-3.237,2.264,3.854,1.091,214.641,44.984,-6.89,-3.133,1.89,0.971,-0.294
Ir0.85Ag0.15_111,-1.812,1801.991,1107.998,-3.492,0.277,3.073,1.462,136.918,56.459,-3.149,2.186,3.883,1.08,214.029,52.544,-6.804,-2.573,1.794,1.862,-0.345
Ir0.3Cu0.7_111,-1.806,1541.829,1829.812,-2.333,-2.315,2.821,1.136,96.957,102.376,-3.112,2.962,3.073,2.64,133.713,48.507,-5.748,5.791,2.294,0.89,-1.383
Rh0.35Ag0.65_111,-1.803,3013.646,1571.038,-4.021,-0.642,1.673,1.44,61.701,103.184,-1.143,3.521,3.28,2.028,124.364,59.329,-5.403,-2.701,1.082,2.316,-1.444
Rh0.3Cu0.7_111,-1.798,3249.204,241.109,-2.196,-0.552,1.788,4.513,92.485,109.614,-2.924,3.226,2.538,2.919,135.128,43.475,-4.988,5.999,1.976,0.882,-1.608
Ir0.35Pt0.65_111,-1.788,1731.524,871.03,-2.978,-0.062,3.369,1.019,113.368,83.271,-3.378,2.658,3.541,1.478,197.989,44.425,-6.695,2.823,1.739,1.386,-0.667
Rh0.4Ir0.6_111,-1.786,1850.658,1145.518,-2.957,0.266,3.248,1.135,23.267,136.057,-5.711,-2.794,0.965,3.636,205.962,48.029,-6.468,-2.763,1.821,1.088,-0.391
Pd0.1Ir0.9_111,-1.781,1706.891,932.719,-3.096,0.352,3.45,1.233,140.204,62.117,-3.298,2.306,3.791,1.13,215.264,45.731,-6.88,-3.148,1.819,0.998,-0.296
Ir0.9Ag0.1_111,-1.774,1685.355,1060.712,-3.473,0.301,3.286,1.435,138.412,58.593,-3.243,2.229,3.908,1.07,218.576,51.941,-6.91,-2.875,1.768,1.581,-0.301
Rh0.6Ag0.4_111,-1.773,2256.648,2051.731,-4.124,-0.797,1.679,1.798,82.986,109.871,-2.201,3.487,3.481,1.852,118.338,63.314,-5.311,-3.019,1.148,2.804,-1.213
Rh0.9Au0.1_111,-1.771,2249.363,1269.688,-2.53,0.027,3.033,0.958,117.753,80.322,-2.618,2.434,3.109,1.249,181.25,51.849,-5.349,-1.907,1.577,1.715,-0.862
Rh0.4Pd0.6_111,-1.77,2248.487,1131.566,-2.389,-0.173,2.566,0.896,80.694,89.626,-2.296,3.044,2.519,1.72,179.728,36.029,-4.424,-2.257,1.435,3.527,-1.297
Rh0.75Ag0.25_111,-1.77,1018.727,1890.523,-4.829,-2.076,1.038,2.698,87.223,91.535,-2.368,3.026,3.214,1.585,119.427,56.593,-5.272,-3.077,1.183,2.852,-1.11
Pd0.35Ir0.65_111,-1.764,2005.371,872.266,-2.788,0.112,3.177,1.102,126.555,67.578,-3.109,2.178,3.457,1.257,192.155,40.718,-6.333,-2.818,1.856,0.919,-0.685
Ir0.75Pt0.25_111,-1.759,1690.046,991.553,-3.217,0.241,3.437,1.237,137.213,58.514,-3.405,2.151,3.782,1.106,220.187,46.075,-6.969,-3.25,1.797,0.983,-0.329
Rh0.85Au0.15_111,-1.759,2256.564,1243.817,-2.554,-0.005,3.034,0.964,116.128,79.298,-2.628,2.361,3.115,1.229,152.787,47.697,-5.418,-1.265,1.554,4.851,-0.894
Pd0.2Ir0.8_111,-1.745,1805.399,910.895,-2.982,0.266,3.347,1.205,134.845,64.234,-3.222,2.239,3.675,1.188,207.242,44.108,-6.691,-3.048,1.818,1,-0.439
Rh0.5Ag0.5_111,-1.743,2709.679,1761.211,-4.069,-0.776,1.697,1.726,70.805,106.429,-1.329,3.321,3.283,1.717,113.91,65.643,-5.399,-2.91,1.119,2.87,-1.307
Rh0.8Au0.2_111,-1.738,2219.761,1263.601,-2.674,-0.066,3.047,1.002,112.218,74.894,-2.614,2.262,3.206,1.171,147.319,49.044,-5.527,-1.236,1.658,4.685,-0.948
Pt0.55Cu0.45_111,-1.717,2699.709,108.104,-2.008,4.306,2.258,1.871,85.66,94.224,-3.135,3.413,2.924,2.833,138.304,68.357,-5.791,5.931,2.053,0.844,-1.45
Rh0.65Pt0.35_111,-1.711,2141.193,1232.575,-2.629,-0.023,3.044,0.952,112.789,74.186,-2.653,2.268,2.964,1.229,179.035,49.678,-5.774,-2.177,1.716,1.414,-0.857
Rh0.85Pt0.15_111,-1.71,2232.588,1280.17,-2.537,0.073,3.005,0.945,117.34,82.438,-2.435,2.456,2.782,1.312,191.623,52.422,-5.459,-2.136,1.507,1.4,-0.794
Rh0.8Pt0.2_111,-1.702,2195.065,1261.998,-2.563,0.048,3.026,0.943,115.507,79.614,-2.507,2.412,2.862,1.288,183.724,50.675,-5.556,-2.132,1.608,1.393,-0.811
Rh0.45Au0.55_111,-1.701,1943.382,1429.547,-3.685,-0.526,2.286,1.529,78.132,99.81,-2.761,3.547,3.571,2.254,125.399,50.63,-5.893,1.641,1.595,8.214,-1.202
Rh0.7Pd0.3_111,-1.7,2531.933,1363.985,-2.482,-0.014,2.759,0.948,111.39,85.685,-2.297,2.411,2.561,1.357,207.522,54.083,-5.099,-2.06,1.226,1.681,-1.007
Ir0.9Pt0.1_111,-1.7,1621.055,972.859,-3.232,0.374,3.539,1.251,143.341,59.366,-3.414,2.278,3.861,1.095,223.182,46.876,-7.068,-3.278,1.809,1,-0.186
Rh0.6Pd0.4_111,-1.699,2140.423,1150.599,-2.471,-0.057,2.683,0.959,88.992,69.275,-2.285,2.359,2.528,1.344,167.949,43.9,-5.022,-1.992,1.221,1.706,-1.098
Ir0.6Pt0.4_111,-1.695,1743.957,1024.45,-3.221,0.131,3.346,1.221,132.384,58.631,-3.42,2.041,3.7,1.119,218.156,45.797,-6.897,-3.235,1.78,0.963,-0.438
Rh0.95Pt0.05_111,-1.691,2398.159,2060.659,-2.437,0.074,1.819,1.154,57.41,123.859,-4.882,-2.272,1.071,2.374,212.324,55.054,-5.286,-2.296,1.341,1.181,-0.77
Rh0.9Ag0.1_111,-1.69,1970.922,1174.848,-2.686,0.037,2.872,1.054,96.062,70.998,-2.208,2.413,2.672,1.298,162.025,46.913,-5.218,-2.046,1.303,2.18,-0.888
Rh0.6Pt0.4_111,-1.683,2134.997,1238.947,-2.651,-0.036,3.051,0.951,114.401,72.195,-2.886,2.257,3.198,1.208,181.08,49.66,-5.827,-2.191,1.713,1.447,-0.867
Rh0.4Pt0.6_111,-1.669,1935.196,1063.767,-2.688,-0.141,3.112,0.911,102.452,89.772,-3.021,2.827,3.248,1.542,170.353,47.263,-6.088,2.111,1.739,2.348,-0.92
Rh0.75Pd0.25_111,-1.667,2503.422,1370.849,-2.491,0,2.775,0.959,112.475,86.059,-2.293,2.429,2.57,1.356,208.033,54.363,-5.116,-2.05,1.23,1.697,-0.981
Ir0.9Au0.1_111,-1.661,1642.533,987.253,-3.343,0.315,3.492,1.312,140.304,56.68,-3.347,2.183,3.921,1.055,220.042,51.802,-7.039,-2.899,1.819,1.578,-0.265
Rh0.8Ag0.2_111,-1.652,2349.914,2759.263,-3.57,-0.61,1.818,1.659,108.301,80.704,-2.275,2.157,2.871,1.159,159.343,57.538,-4.742,-1.067,1.325,4.167,-1.323
Rh0.5Pt0.5_111,-1.648,1946.756,1045.933,-2.635,-0.093,3.108,0.908,102.99,91.56,-2.957,2.916,3.225,1.574,162.229,40.471,-5.947,2.946,1.813,1.591,-0.899
Rh0.7Au0.3_111,-1.643,1990.926,1184.123,-2.797,-0.178,3.149,1.011,98.089,97.044,-2.575,2.915,3.419,1.471,131.628,49.622,-5.816,-2.546,1.671,3.498,-1.02
Rh0.75Au0.25_111,-1.642,2029.136,1130.645,-2.716,-0.126,3.111,0.995,99.745,98.523,-2.576,2.959,3.314,1.513,132.873,44.928,-5.56,0.372,1.73,6.607,-1.015
Rh0.8Pd0.2_111,-1.641,2459.106,1356.122,-2.489,0.032,2.819,0.957,114.749,86.663,-2.29,2.457,2.581,1.361,209.968,54.888,-5.15,-2.075,1.236,1.665,-0.927
Rh0.55Pd0.45_111,-1.635,2428.42,1247.364,-2.427,-0.094,2.669,0.93,96.071,103.881,-2.291,3.128,2.601,1.729,186.364,38.004,-4.943,2.961,1.251,1.749,-1.15
Rh0.6Au0.4_111,-1.634,1924.554,1127.218,-3.013,-0.229,2.97,1.104,87.111,105.307,-2.615,3.436,3.531,1.885,128.376,47.698,-5.753,0.497,1.919,5.084,-1.093
Rh0.9Pt0.1_111,-1.633,2236.443,1275.929,-2.518,0.088,2.979,0.949,116.612,82.837,-2.397,2.483,2.752,1.324,194.01,52.616,-5.358,-2.124,1.443,1.361,-0.793
Rh0.85Ag0.15_111,-1.631,1938.509,1169.483,-2.74,-0.023,2.917,1.086,96.401,68.082,-2.548,2.392,3.077,1.255,140.592,43.388,-5.219,-1.416,1.281,4.578,-0.926
Rh0.2Cu0.8_111,-1.631,3522.692,215.776,-2.269,-0.633,1.681,4.657,91.593,110.909,-3.06,2.97,2.456,2.927,130.135,48.141,-5.034,5.779,2.118,0.877,-1.678
Rh0.95Au0.05_111,-1.628,2364.35,1486.613,-2.62,0.085,2.816,1.028,49.576,122.299,-4.826,-2.283,1.029,2.52,210.711,55.369,-5.219,-2.235,1.356,1.177,-0.805
Rh0.9Ir0.1_111,-1.625,2244.702,1402.374,-2.645,0.133,2.895,1.04,52.347,126.297,-5.003,-2.351,1.081,2.512,203.436,52.247,-5.428,-2.315,1.472,1.091,-0.708
Rh0.9Pd0.1_111,-1.621,2390.938,1348.879,-2.496,0.081,2.877,0.96,117.984,87.285,-2.29,2.503,2.604,1.369,213.234,55.373,-5.203,-2.106,1.24,1.648,-0.846
Rh0.95Ag0.05_111,-1.619,1955.486,1263.936,-2.674,0.083,2.765,1.066,44.711,100.096,-4.792,-2.22,1.063,2.422,175.914,46.86,-5.189,-2.216,1.301,1.305,-0.8
Rh0.95Ir0.05_111,-1.618,2390.161,2064.849,-2.446,0.084,1.8,1.169,60.338,125.929,-4.891,-2.265,1.083,2.347,215.015,55.18,-5.303,-2.306,1.338,1.169,-0.744
Rh0.85Pd0.15_111,-1.616,2414.113,1352.898,-2.493,0.065,2.854,0.965,116.84,87.125,-2.289,2.493,2.603,1.366,211.59,55.071,-5.181,-2.081,1.24,1.684,-0.876
Rh0.7Pt0.3_111,-1.614,2159.497,1229.513,-2.591,0.012,3.032,0.945,115.601,74.727,-2.822,2.34,3.149,1.24,177.095,49.687,-5.662,-2.136,1.698,1.392,-0.846
Rh0.95Pd0.05_111,-1.611,2022.794,1714.734,-2.422,0.078,1.825,1.152,50.607,102.885,-4.82,-2.234,1.062,2.305,182.453,46.919,-5.221,-2.281,1.267,1.246,-0.788
Rh0.85Ir0.15_111,-1.604,2221.952,1382.08,-2.658,0.142,2.921,1.044,48.969,127.485,-5.069,-2.391,1.103,2.578,198.981,51.247,-5.498,-2.319,1.545,1.074,-0.689
Rh0.35Pt0.65_111,-1.604,1940.637,1081.595,-2.709,-0.151,3.105,0.91,102.578,89.383,-3.035,2.804,3.257,1.533,172.947,48.22,-6.105,2.108,1.736,2.316,-0.934
Rh0.3Pt0.7_111,-1.602,1941.985,1073.499,-2.734,-0.182,3.105,0.911,102.578,88.355,-3.079,2.741,3.254,1.517,178.665,49.545,-6.161,2.101,1.7,2.249,-0.948
Rh0.45Ag0.55_111,-1.591,2641.84,1657.43,-4.095,-0.819,1.663,1.74,65.983,107.461,-1.488,3.616,3.209,2.099,121.425,61.158,-5.401,-2.777,1.107,2.438,-1.336
Rh0.7Ir0.3_111,-1.585,2066.945,1267.425,-2.738,0.183,3.039,1.072,26.823,125.029,-5.107,-2.486,0.861,3.498,190.968,48.198,-5.853,-2.432,1.742,1.056,-0.593
Rh0.55Pt0.45_111,-1.582,1953.309,1055.556,-2.603,-0.062,3.109,0.908,103.46,93.211,-2.907,2.987,3.229,1.589,160.788,40.266,-5.863,2.954,1.812,1.647,-0.887
Rh0.75Pt0.25_111,-1.577,2177.906,1233.5,-2.571,0.025,3.024,0.947,114.09,77.138,-2.566,2.359,2.912,1.262,178.547,49.903,-5.596,-2.1,1.676,1.364,-0.844
Rh0.9Cu0.1_111,-1.57,2562.356,1040.582,-2.307,0.129,2.855,0.838,120.399,86.121,-2.302,2.421,2.674,1.336,211.61,54.553,-5.209,-2.033,1.315,1.574,-0.883
Rh0.65Ir0.35_111,-1.556,2033.705,1250.655,-2.785,0.198,3.081,1.085,26.785,128.382,-5.225,-2.547,0.876,3.515,197.463,48.629,-5.99,-2.513,1.742,1.072,-0.553
Rh0.55Au0.45_111,-1.549,2054.974,898.433,-2.916,-0.163,2.989,0.936,85.217,103.659,-2.69,3.304,3.49,1.908,125.294,50.937,-5.832,0.044,1.807,5.371,-1.137
Rh0.5Au0.5_111,-1.547,1985.476,1677.689,-3.788,-0.56,2.229,1.521,83.632,102.636,-2.635,3.267,3.653,1.836,138.967,52.661,-5.932,-0.205,1.591,5.537,-1.184
Rh0.75Ir0.25_111,-1.534,2095.157,1286.625,-2.718,0.176,3.018,1.068,26.353,124.417,-5.062,-2.462,0.866,3.473,189.826,48.297,-5.78,-2.395,1.727,1.056,-0.612
Rh0.45Ir0.55_111,-1.52,1888.502,1161.014,-2.908,0.249,3.214,1.121,23.569,134.092,-5.595,-2.747,0.925,3.612,200.343,47.739,-6.365,-2.691,1.838,1.077,-0.431
Rh0.5Ir0.5_111,-1.517,1911.059,1181.749,-2.898,0.242,3.185,1.12,24.847,133.187,-5.506,-2.701,0.923,3.587,206.642,49.089,-6.306,-2.697,1.75,1.114,-0.451
Rh0.55Ir0.45_111,-1.488,1962.596,1207.589,-2.849,0.227,3.147,1.11,25.984,131.677,-5.396,-2.631,0.917,3.549,205.51,49.076,-6.181,-2.628,1.728,1.105,-0.496
Rh0.7Ag0.3_111,-1.485,1913.635,1897.248,-3.916,-0.652,1.852,1.763,83.763,88.757,-2.308,2.975,3.263,1.527,122.981,45.028,-5.086,-0.526,1.333,5.382,-1.141
Rh0.3Ir0.7_111,-1.464,1781.564,1112.595,-3.031,0.291,3.307,1.149,22.717,138.11,-5.89,-2.887,1.001,3.682,209.228,46.559,-6.632,-2.991,1.834,0.967,-0.328
Pt0.45Cu0.55_111,-1.414,2953.058,111.376,-2.038,3.945,2.068,1.933,86.022,97.32,-3.169,3.265,2.834,2.846,129.969,57.276,-5.743,5.835,2.125,0.805,-1.511
Pd0.15Pt0.85_111,-1.41,1903.913,1002.156,-2.672,-0.322,2.966,0.86,91.576,92.46,-3.131,3.298,3.109,2.038,168.355,46.522,-6.102,2.094,1.725,2.069,-1.142
Pt0.15Au0.85_111,-1.392,1796.729,76.921,-3.301,4.01,2.647,2.14,55.516,63.109,-4.065,2.338,2.58,2.847,126.94,95.346,-6.305,4.868,1.568,1.322,-1.272
Pt0.8Au0.2_111,-1.354,1846.639,893.22,-2.894,-0.397,2.978,0.903,88.129,88.628,-3.272,3.379,3.129,2.382,173.761,59.236,-6.192,5.482,1.682,0.758,-1.15
Pt0.9Ag0.1_111,-1.353,1862.335,966.77,-2.954,-0.332,2.855,0.967,87.873,89.536,-3.236,3.48,3.101,2.411,168.885,53.251,-6.151,2.962,1.677,2.625,-1.109
Pd0.4Pt0.6_111,-1.353,2089.57,1075.061,-2.523,-0.349,2.776,0.842,87.904,97.077,-2.93,3.392,2.935,2.073,159.108,49.536,-5.713,2.307,1.684,2.963,-1.295
Rh0.45Pt0.55_111,-1.322,1945.036,1055.732,-2.658,-0.11,3.122,0.904,103.099,91.379,-2.987,2.888,3.246,1.564,168.136,39.819,-6.016,2.949,1.765,1.561,-0.898
Pt0.65Ag0.35_111,-1.321,2172.418,1273.755,-3.633,-0.693,2.08,1.262,74.75,89.256,-3.24,3.461,2.98,2.833,152.48,74.16,-5.861,5.824,1.587,0.823,-1.324
Pt0.55Au0.45_111,-1.32,1926.868,1102.412,-3.366,-0.635,2.511,1.133,81.054,86.18,-3.404,3.429,2.992,2.937,171.376,105.55,-6.116,5.517,1.639,0.922,-1.287
Rh0.1Pt0.9_111,-1.32,1804.934,978.78,-2.775,-0.252,3.098,0.889,94.697,93.305,-3.203,3.333,3.224,2.026,50.95,178.355,-7.947,-6.062,1.28,1.237,-0.998
Rh0.05Pt0.95_111,-1.318,1802.739,976.163,-2.788,-0.269,3.085,0.879,94.337,91.516,-3.236,3.279,3.211,2.015,53.538,180.423,-7.95,-6.074,1.296,1.217,-1.018
Pt0.7Au0.3_111,-1.307,1899.597,1078.407,-3.167,-0.487,2.684,1.078,86.732,89.532,-3.26,3.291,3.132,2.366,175.162,63.237,-6.151,5.351,1.669,0.763,-1.206
Pd0.35Pt0.65_111,-1.296,2055.876,1054.399,-2.522,-0.345,2.802,0.837,87.799,95.177,-2.953,3.385,2.963,2.076,152.972,38.749,-5.763,1.027,1.777,2.715,-1.279
Pt0.75Au0.25_111,-1.294,1877.194,1068.652,-3.141,-0.458,2.715,1.048,87.06,88.917,-3.273,3.317,3.139,2.375,174.053,63.526,-6.176,5.413,1.681,0.758,-1.187
Rh0.25Pt0.75_111,-1.283,1813.606,981.957,-2.733,-0.197,3.116,0.889,95.152,96.335,-3.139,3.435,3.247,2.039,166.025,43.613,-6.186,2.14,1.765,2.121,-0.965
Rh0.15Pt0.85_111,-1.279,1803.185,983.361,-2.766,-0.241,3.101,0.893,94.683,93.901,-3.181,3.359,3.231,2.027,172.481,45.081,-6.233,2.12,1.715,2.08,-0.987
Pt0.95Ag0.05_111,-1.274,1766.555,935.385,-2.823,-0.306,3.028,0.888,89.479,87.984,-3.275,3.506,3.118,2.39,49.252,176.881,-7.958,-6.032,1.263,1.233,-1.085
Ir0.25Pt0.75_111,-1.271,1674.632,826.105,-2.906,-0.16,3.308,0.957,102.46,76.013,-3.415,2.783,3.35,1.862,162.021,42.016,-6.601,3.218,1.439,1.898,-0.779
Pt0.95Au0.05_111,-1.268,1741.473,928.838,-2.814,-0.312,3.072,0.879,90.247,87.638,-3.3,3.5,3.137,2.38,48.84,178.736,-8.045,-6.094,1.249,1.247,-1.052
Pt0.55Ag0.45_111,-1.264,2348.803,1324.813,-3.765,-0.788,1.953,1.299,70.182,90.679,-3.229,3.354,2.985,2.848,134.098,64.802,-5.796,5.741,1.391,0.756,-1.399
Pd0.05Pt0.95_111,-1.263,1851.614,983.69,-2.739,-0.305,3.026,0.867,93.306,91.265,-3.209,3.261,3.153,2.032,51.744,181.676,-7.931,-6.015,1.264,1.229,-1.087
Pt0.5Ag0.5_111,-1.263,2494.92,1362.105,-3.825,-0.888,1.858,1.238,67.926,92.468,-3.246,3.268,2.934,2.842,131.209,63.028,-5.741,5.699,1.325,0.751,-1.436
Pt0.85Au0.15_111,-1.257,1811.597,882.183,-2.843,-0.337,3.025,0.874,88.865,88.056,-3.286,3.425,3.133,2.388,172.74,56.914,-6.231,2.96,1.689,2.556,-1.111
Pd0.2Pt0.8_111,-1.256,1953.77,1014.814,-2.627,-0.324,2.917,0.85,90.88,93.842,-3.08,3.32,3.056,2.051,167.303,46.076,-5.979,2.037,1.715,2.138,-1.191
Ir0.1Pt0.9_111,-1.255,1737.901,880.409,-2.851,-0.241,3.194,0.918,98.044,91.449,-3.328,3.27,3.312,2.008,181.075,45.247,-6.448,2.156,1.708,2.048,-0.899
Ir0.05Pt0.95_111,-1.254,1770.976,922.931,-2.826,-0.269,3.137,0.893,96.215,90.717,-3.304,3.248,3.253,2.016,54.6,184.669,-8.057,-6.161,1.327,1.224,-0.968
Ir0.15Pt0.85_111,-1.254,1720.946,863.422,-2.863,-0.219,3.225,0.923,98.917,91.618,-3.341,3.286,3.343,2.012,160.407,43.469,-6.501,3.142,1.426,1.956,-0.874
Pt0.6Au0.4_111,-1.25,1898.165,1033.744,-3.271,-0.559,2.581,1.128,81.9,85.651,-3.386,3.505,3.01,2.935,169.658,103.799,-6.125,5.596,1.664,0.92,-1.265
Pd0.5Cu0.5_111,-1.244,3535.31,112.086,-1.825,3.959,1.916,1.765,83.159,104.413,-2.788,3.389,2.254,2.859,130.163,43.134,-4.715,1.388,1.703,4.056,-1.796
Rh0.2Pt0.8_111,-1.23,1807.985,981.848,-2.744,-0.218,3.112,0.896,95.069,95.54,-3.148,3.41,3.236,2.038,169.697,44.193,-6.202,2.141,1.726,2.097,-0.967
Pd0.1Pt0.9_111,-1.229,1889.331,996.807,-2.696,-0.314,2.983,0.862,92.3,92.236,-3.156,3.281,3.117,2.036,172.524,46.224,-6.12,2.006,1.705,2.121,-1.126
Pt0.6Ag0.4_111,-1.227,2203.343,1441.284,-3.695,-0.787,1.973,1.298,73.448,90.718,-3.18,3.45,2.94,2.821,136.245,65.893,-5.81,5.811,1.428,0.767,-1.363
Pt0.25Cu0.75_111,-1.203,3480.227,101.951,-2.253,3.751,1.728,2.654,83.942,101.017,-3.315,2.634,2.652,2.621,120.888,80.902,-5.602,5.836,2.234,1.063,-1.632
Ir0.2Pt0.8_111,-1.202,1690.478,831.676,-2.89,-0.183,3.284,0.944,100.969,92.522,-3.365,3.317,3.401,2.01,161.411,42.418,-6.573,3.195,1.436,1.923,-0.808
Pt0.35Cu0.65_111,-1.198,3253.508,117.89,-2.089,3.553,1.888,2.012,85.744,99.082,-3.138,3.162,2.8,2.836,126.111,57.252,-5.636,5.627,2.201,0.833,-1.572
Ir0.3Pt0.7_111,-1.169,1769.191,880.264,-2.958,-0.118,3.324,0.998,111.52,83.146,-3.383,2.611,3.493,1.478,197.156,45.927,-6.65,2.759,1.736,1.389,-0.725
Pd0.45Pt0.55_111,-1.164,2134.749,1096.364,-2.481,-0.353,2.729,0.836,86.763,97.474,-2.882,3.42,2.885,2.096,154.32,48.686,-5.607,2.3,1.699,2.979,-1.333
Ir0.5Pt0.5_111,-1.159,1663.736,826.664,-3.009,0.046,3.474,1.055,117.151,83.594,-3.397,2.752,3.648,1.477,198.912,43.266,-6.805,2.883,1.76,1.435,-0.553
Pt0.6Cu0.4_111,-1.145,2502.358,106.032,-2.019,4.459,2.401,1.793,84.927,91.428,-3.196,3.472,2.988,2.825,138.811,70.322,-5.939,5.931,2.012,0.845,-1.363
Pd0.65Ag0.35_111,-1.112,2171.42,2414.292,-3.784,-1.097,1.518,1.528,62.577,98.534,-2.56,3.718,2.62,2.688,95.032,52.51,-4.893,-3.232,1.08,2.319,-1.719
Ir0.85Pt0.15_111,-1.11,1625.232,981.436,-3.241,0.341,3.507,1.259,141.297,59.112,-3.408,2.252,3.846,1.094,221.462,46.394,-7.044,-3.273,1.806,0.997,-0.217
Pd0.6Ag0.4_111,-1.085,2184.587,2467.335,-3.902,-1.171,1.429,1.579,61.447,98.821,-2.163,3.62,2.007,2.755,106.578,46.366,-4.706,0.425,1.262,5.632,-1.735
Pd0.8Ir0.2_111,-1.065,2664.443,1051.689,-2.121,-0.31,2.392,0.84,86.628,105.188,-2.532,3.409,2.57,2.087,141.711,47.402,-4.755,2.162,1.703,2.962,-1.606
Pd0.55Cu0.45_111,-1.055,3431.609,112.659,-1.787,4.082,1.973,1.708,81.791,103.476,-2.735,3.513,2.276,2.842,129.765,42.376,-4.699,1.273,1.601,4.406,-1.778
Pt0.45Ag0.55_111,-1.055,2547.991,1381.618,-3.912,-1.021,1.796,1.346,59.011,93.566,-2.601,3.278,2.75,2.735,128.999,62.595,-5.742,5.642,1.315,0.749,-1.438
Pd0.9Cu0.1_111,-1.038,2628.277,1351.805,-2.192,-0.473,2.221,0.929,78.05,103.406,-2.505,3.813,2.365,2.496,151.558,42.314,-4.474,1.613,1.289,3.062,-1.721
Pd0.6Au0.4_111,-1.016,2432.445,89.675,-2.112,5.023,2.776,1.558,68.858,94.602,-2.789,3.736,2.706,2.77,117.678,48.521,-5.211,6.079,1.841,0.767,-1.65
Pd0.65Pt0.35_111,-1.011,2315.05,1198.823,-2.39,-0.361,2.576,0.831,84.509,100.302,-2.732,3.466,2.736,2.104,148.709,39.939,-5.252,1.147,1.658,2.708,-1.444
Pd0.95Pt0.05_111,-1.001,2674.594,1488.737,-2.26,-0.353,2.289,0.847,80.365,103.029,-2.475,3.557,2.442,2.139,158.148,41.413,-4.51,1.253,1.274,2.707,-1.674
Pd0.8Au0.2_111,-1.001,2320.831,1322.172,-2.413,-0.507,2.447,0.919,73.501,100.502,-2.548,3.736,2.575,2.433,102.414,43.783,-4.975,2.78,1.388,3.059,-1.667
Rh0.05Pd0.95_111,-0.996,2362.015,1306.708,-2.288,-0.333,2.304,0.869,69.756,92.796,-2.259,3.57,2.306,2.139,145.879,36.345,-4.515,1.243,1.207,2.765,-1.627
Pd0.95Au0.05_111,-0.984,2533.352,1408.794,-2.258,-0.372,2.307,0.846,75.831,101.465,-2.502,3.913,2.394,2.516,144.927,41.309,-4.506,1.592,1.334,3.074,-1.687
Pd0.95Ag0.05_111,-0.983,2554.608,1480.364,-2.322,-0.379,2.263,0.888,75.538,101.956,-2.491,3.912,2.376,2.519,152.068,41.384,-4.462,1.604,1.22,3.129,-1.695
Pd0.8Pt0.2_111,-0.979,2470.916,1305.195,-2.312,-0.361,2.443,0.831,81.888,101.248,-2.602,3.503,2.604,2.109,144.952,40.3,-4.887,1.165,1.563,2.637,-1.551
Pd0.4Au0.6_111,-0.975,2149.963,1669.269,-3.439,-0.902,2.11,1.165,69.055,95.072,-3.128,3.426,2.824,2.828,139.121,65.676,-5.643,5.523,1.574,0.838,-1.586
Pd0.95Ir0.05_111,-0.971,2640.44,1440.367,-2.285,-0.351,2.315,0.859,81.437,103.874,-2.502,3.566,2.478,2.148,157.586,40.711,-4.561,1.187,1.293,2.712,-1.631
Pd0.85Pt0.15_111,-0.97,2550.462,1369.68,-2.287,-0.357,2.387,0.833,81.385,102.108,-2.551,3.527,2.542,2.123,147.441,41.27,-4.727,1.233,1.474,2.645,-1.599
Pd0.4Cu0.6_111,-0.961,3686.949,112.53,-1.963,3.668,1.824,1.888,83.807,105.192,-2.91,3.192,2.276,2.894,126.958,44.43,-4.821,1.31,1.854,3.665,-1.803
Pd0.85Cu0.15_111,-0.958,2592.277,1391.39,-2.218,-0.535,2.192,1,78.522,103.874,-2.512,3.777,2.367,2.493,150.557,42.764,-4.484,1.635,1.317,3.03,-1.727
Rh0.15Pd0.85_111,-0.957,2274.227,1203.99,-2.323,-0.3,2.375,0.884,70.576,92.945,-2.286,3.592,2.374,2.149,146.404,37.738,-4.599,1.958,1.227,2.277,-1.53
Pd0.9Au0.1_111,-0.957,2454.596,1330.994,-2.293,-0.416,2.365,0.861,74.839,100.812,-2.517,3.835,2.449,2.481,135.337,43.304,-4.615,1.741,1.498,3.052,-1.681
Rh0.35Pd0.65_111,-0.957,2229.043,1165.96,-2.4,-0.2,2.528,0.917,78.982,88.041,-2.281,3.024,2.485,1.717,157.459,32.044,-4.799,-2.216,1.236,0.945,-1.323
Rh0.2Pd0.8_111,-0.951,2532.834,1337.772,-2.351,-0.282,2.416,0.901,81.844,106.256,-2.721,3.692,3.111,2.067,167.155,39.018,-4.669,1.111,1.219,2.814,-1.469
Pd0.55Pt0.45_111,-0.95,2212.524,1133.846,-2.423,-0.361,2.655,0.83,85.127,98.083,-2.805,3.445,2.823,2.098,145.282,39.541,-5.43,1.128,1.755,2.7,-1.385
Rh0.3Pd0.7_111,-0.948,2194.439,1124.087,-2.377,-0.23,2.489,0.907,74.757,84.3,-2.285,3.005,2.454,1.715,150.893,34.861,-4.744,1.678,1.241,1.832,-1.379
Pd0.95Cu0.05_111,-0.947,2599.685,1411.634,-2.222,-0.386,2.25,0.871,76.671,102.093,-2.493,3.901,2.359,2.519,153.565,41.161,-4.45,1.583,1.226,3.109,-1.709
Pd0.85Ir0.15_111,-0.946,2472.185,1161.298,-2.353,-0.33,2.491,0.877,86.477,104.695,-2.654,3.518,2.638,2.155,153.028,38.421,-4.928,0.966,1.481,2.712,-1.451
Pd0.5Pt0.5_111,-0.946,2163.015,1112.846,-2.468,-0.356,2.7,0.838,86.129,98.058,-2.848,3.416,2.871,2.072,153.425,48.568,-5.55,2.284,1.678,2.992,-1.352
Pd0.7Pt0.3_111,-0.939,2365.374,1237.446,-2.356,-0.361,2.521,0.83,83.141,99.784,-2.684,3.476,2.685,2.108,142.997,40.022,-5.101,1.189,1.675,2.673,-1.483
Rh0.1Pd0.9_111,-0.937,2293.403,1244.682,-2.318,-0.319,2.346,0.886,70.177,92.51,-2.275,3.572,2.345,2.14,145.557,34.861,-4.58,1.122,1.211,2.772,-1.558
Pd0.9Pt0.1_111,-0.935,2582.575,1404.165,-2.279,-0.354,2.353,0.838,80.766,102.104,-2.525,3.537,2.512,2.125,150.294,40.725,-4.657,1.193,1.408,2.657,-1.622
Rh0.65Pd0.35_111,-0.924,2583.053,1403.578,-2.476,-0.044,2.699,0.96,109.217,85.241,-2.278,2.393,2.544,1.351,205.306,53.591,-5.035,-1.991,1.223,1.711,-1.076
Pd0.3Cu0.7_111,-0.922,3700.901,98.548,-2.13,4.049,1.743,2.441,83.158,103.617,-3.116,2.844,2.24,2.813,121.984,76.605,-5.012,6.105,1.947,0.967,-1.731
Rh0.45Pd0.55_111,-0.918,2168.313,1115.368,-2.411,-0.145,2.605,0.921,81.246,89.003,-2.289,3.066,2.545,1.72,159.319,32.235,-4.877,-2.265,1.246,0.966,-1.237
Rh0.5Pd0.5_111,-0.913,2110.468,1062.542,-2.414,-0.133,2.632,0.924,80.57,87.798,-2.304,3.087,2.56,1.73,157.278,31.752,-4.909,2.977,1.248,1.712,-1.203
Pd0.75Pt0.25_111,-0.906,2419.658,1270.82,-2.349,-0.362,2.496,0.834,83.566,101.522,-2.655,3.475,2.649,2.108,151.855,40.382,-5.048,1.169,1.549,2.701,-1.505
Pd0.6Pt0.4_111,-0.9,2272.04,1175.437,-2.402,-0.362,2.604,0.833,84.416,99.016,-2.757,3.443,2.767,2.1,147.665,40.232,-5.308,1.198,1.685,2.71,-1.422
Pd0.35Au0.65_111,-0.866,2174.999,1440.865,-3.428,-0.94,2.171,1.189,67.708,93.756,-3.249,3.349,2.839,2.868,131.24,71.214,-5.745,5.399,1.704,0.866,-1.56
Pd0.6Ir0.4_111,-0.865,2190.475,811.558,-2.496,-0.175,2.92,0.944,103.729,95.698,-2.893,2.902,3.116,1.676,161.852,37.88,-5.723,1.764,1.791,1.751,-1.04
Pd0.25Ag0.75_111,-0.861,3309.317,1181.853,-4.088,-1.219,1.684,0.956,50.837,96.74,-4.595,2.634,1.457,2.804,116.718,86.734,-5.57,5.674,1.111,0.9,-1.506
Pd0.25Pt0.75_111,-0.851,1967.636,1022.484,-2.608,-0.336,2.9,0.851,89.884,94.058,-3.056,3.338,3.057,2.056,161.87,45.428,-5.963,1.963,1.755,2.166,-1.206
Pd0.5Ir0.5_111,-0.829,2016.859,737.09,-2.588,-0.033,3.113,0.965,110.108,93.892,-2.983,2.954,3.326,1.633,171.624,36.446,-6.054,-2.736,1.794,0.911,-0.864
Pd0.3Pt0.7_111,-0.824,2015.403,1039.175,-2.568,-0.336,2.845,0.846,88.926,94.995,-2.998,3.368,3.004,2.072,161.269,51.067,-5.863,2.388,1.696,2.841,-1.245
Pd0.25Cu0.75_111,-0.821,3798.04,97.135,-2.194,3.946,1.69,2.459,84.113,104.943,-3.201,2.7,2.235,2.789,121.339,74.848,-5.099,5.954,2.016,1.052,-1.744
Pd0.1Au0.9_111,-0.794,2579.568,99.629,-3.256,3.974,2.512,2.075,70.877,86.641,-4.033,2.326,2.447,2.814,133.672,109.977,-6.23,4.907,1.292,1.309,-1.397
Pd0.15Ag0.85_111,-0.783,3574.424,751.25,-4.146,-1.213,1.733,0.731,45.278,95.375,-4.824,2.53,1.411,2.537,107.48,93.491,-5.765,5.42,1.024,0.951,-1.456
Pd0.55Ir0.45_111,-0.741,2114.395,791.903,-2.567,-0.086,3.006,0.965,107.796,96.748,-2.952,2.907,3.187,1.67,172.341,38.003,-5.87,1.815,1.749,1.772,-0.961
Pd0.15Cu0.85_111,-0.728,3936.304,94.441,-2.345,3.84,1.625,2.502,85.39,107.088,-3.386,2.418,2.229,2.75,118.862,78.88,-5.256,5.729,2.137,1.109,-1.739
Pt0.5Cu0.5_111,-0.62,2886.177,114.874,-2.009,3.994,2.114,1.865,86.209,96.504,-3.144,3.341,2.879,2.829,130.941,56.245,-5.77,5.802,2.11,0.813,-1.491
Cu0.95Ag0.05_111,-0.596,2719.933,3729.82,-2.568,-1.75,1.291,0.856,106.538,84.103,1.987,5.158,2.49,1.18,117.344,100.88,-4.434,4.596,2.216,1.507,-2.235
Pd0.45Cu0.55_111,-0.55,4539.756,122.116,-1.587,3.625,1.589,1.783,77.635,105.987,-2.451,3.193,2.004,2.676,132.597,59.271,-4.086,5.355,1.719,0.847,-2.151
Cu0.45Ag0.55_111,-0.534,2635.309,3460.104,-4.246,-1.915,1.458,0.868,100.977,65.997,1.97,5.412,2.913,0.988,118.394,104.642,-5.512,5.014,1.329,1.287,-1.819
Pt0.05Cu0.95_111,-0.492,3969.542,91.484,-2.459,3.758,1.578,2.563,86.673,109.175,-3.531,2.192,2.341,2.638,115.931,80.814,-5.491,5.562,2.334,1.151,-1.729
Ir0.15Cu0.85_111,-0.487,2118.156,1652.827,-2.473,-2.267,2.157,1.057,89.18,104.945,-3.314,2.648,2.608,2.914,123.951,77.763,-5.447,5.931,2.323,1.082,-1.627
Cu0.8Ag0.2_111,-0.473,3917.239,88.038,-2.401,4.286,1.507,2.599,107.571,76.651,2.145,5.97,2.563,1.146,103.682,92.545,-5.533,5.605,2.331,1.321,-1.768
Cu0.25Ag0.75_111,-0.464,3150.45,1486.084,-4.148,-1.862,1.806,0.728,100.455,66.423,2.001,5.623,2.818,1.025,119.253,105.603,-5.88,5.267,1.163,1.25,-1.602
Pd0.1Cu0.9_111,-0.461,3968.745,92.543,-2.425,3.795,1.607,2.551,85.738,108.082,-3.471,2.295,2.228,2.722,117.46,80.674,-5.332,5.657,2.192,1.111,-1.71
Pt0.65Cu0.35_111,-0.451,2443.312,103.718,-2.011,4.624,2.482,1.782,85.764,91.611,-3.177,3.516,2.975,2.817,140.626,73.026,-5.924,6.021,2.009,0.837,-1.36
Cu0.95Au0.05_111,-0.448,4053.535,87.914,-2.435,4.308,1.514,2.809,83.154,109.155,-3.538,2.133,2.327,2.632,112.009,89.47,-5.019,5.743,2.926,1.381,-1.824
Cu0.85Ag0.15_111,-0.445,3992.93,87.934,-2.425,4.3,1.518,2.661,108.408,76.947,2.135,6.03,2.603,1.152,105.561,91.035,-5.423,5.638,2.426,1.362,-1.794
Cu0.90Au0.10_111,-0.443,4003.224,89.015,-2.391,4.237,1.497,2.727,78.305,107.039,-3.517,2.15,2.455,2.577,103.962,92.048,-5.509,5.647,2.618,1.398,-1.79
Ir0.2Cu0.8_111,-0.439,1836.167,1777.571,-2.428,-2.345,2.432,1.114,93.409,107.059,-3.298,2.887,2.729,2.992,129.679,54.018,-5.573,5.661,2.305,0.899,-1.556
Cu0.75Ag0.25_111,-0.436,3722.161,88.113,-2.43,4.386,1.604,2.427,106.601,75.865,2.139,5.909,2.586,1.127,101.342,92.584,-5.631,5.564,2.166,1.29,-1.75
Cu0.2Ag0.8_111,-0.432,3285.428,1333.2,-4.152,-1.843,1.786,0.686,100.089,66.391,1.998,5.608,2.799,1.022,121.109,107.14,-5.86,5.255,1.147,1.235,-1.589
Cu0.35Ag0.65_111,-0.417,2648.597,2474.616,-4.284,-1.96,1.738,0.832,101.304,66.048,1.968,5.689,2.947,1.019,119.021,103.659,-5.885,5.317,1.282,1.266,-1.635
Ir0.05Cu0.95_111,-0.413,3916.225,100.376,-2.454,3.267,1.596,2.98,88.838,108.903,-3.475,2.299,2.345,2.809,119.121,81.193,-5.428,5.696,2.312,1.116,-1.74
Cu0.7Ag0.3_111,-0.411,3540.8,87.914,-2.491,4.484,1.726,2.309,106.02,75.756,2.124,5.872,2.595,1.129,99.63,92.155,-5.668,5.53,2.107,1.285,-1.738
Cu0.75Au0.25_111,-0.406,3675.941,91.32,-2.336,4.246,1.545,2.494,102.098,76.751,2.182,5.856,2.475,1.209,104.857,98.114,-5.904,5.551,2.451,1.34,-1.681
Pt0.3Cu0.7_111,-0.394,3278.434,103.786,-2.151,3.935,1.816,2.553,83.285,97.958,-3.201,2.857,2.71,2.68,121.649,79.232,-5.584,6.027,2.199,1.044,-1.613
Cu0.8Au0.2_111,-0.388,3868.975,90.732,-2.332,4.184,1.485,2.615,103.981,77.583,2.178,5.91,2.491,1.191,105.497,96.481,-5.759,5.576,2.501,1.358,-1.712
Rh0.25Cu0.75_111,-0.384,3427.274,246.883,-2.246,-0.878,1.695,4.581,91.77,109.786,-3.031,3.037,2.496,2.951,132.292,46.372,-5.018,5.882,2.074,0.836,-1.625
Pd0.05Cu0.95_111,-0.382,4065.645,90.222,-2.464,3.821,1.571,2.538,87.274,110.531,-3.525,2.181,2.225,2.677,122.962,81.872,-4.853,5.563,2.786,1.143,-1.755
Ir0.25Au0.75_111,-0.376,1475.195,1067.619,-4.073,-1.988,2.265,2.954,81.368,87.808,-3.886,2.498,2.923,2.864,177.142,109.682,-6.368,5.036,1.616,1.003,-1.143
Cu0.5Ag0.5_111,-0.368,2168.76,3180.771,-4.412,-2.036,1.63,0.917,99.977,65.772,1.974,5.757,2.993,1.032,113.31,98.163,-5.866,5.368,1.422,1.292,-1.668
Rh0.05Cu0.95_111,-0.362,3969.59,96.943,-2.478,3.38,1.598,2.914,88.215,109.98,-3.476,2.266,2.274,2.771,117.445,80.804,-5.363,5.669,2.279,1.122,-1.734
Cu0.5Au0.5_111,-0.331,2833.665,93.298,-2.641,4.553,2.165,1.97,96.687,75.724,2.083,5.655,2.616,1.202,117.912,104.735,-6.273,5.323,1.959,1.297,-1.552
Pd0.35Cu0.65_111,-0.331,3725.942,110.841,-2.001,3.612,1.798,1.856,84.759,106.408,-2.983,3.096,2.252,2.871,96.474,46.994,-5.112,-4.489,2.077,0.792,-1.778
Pd0.2Cu0.8_111,-0.316,3835.152,96.833,-2.274,3.817,1.662,2.53,83.714,104.545,-3.291,2.576,2.261,2.777,119.507,77.391,-5.192,5.783,2.071,1.053,-1.754
Pt0.1Cu0.9_111,-0.301,3821.114,96.214,-2.417,3.646,1.617,2.627,85.156,106.196,-3.472,2.338,2.474,2.651,117.636,79.647,-5.551,5.638,2.306,1.138,-1.675
Pt0.2Cu0.8_111,-0.297,3573.499,101.732,-2.275,3.682,1.689,2.693,83.224,101.279,-3.315,2.605,2.613,2.68,118.499,81.498,-5.557,5.841,2.278,1.076,-1.667
Cu0.4Au0.6_111,-0.292,2628.395,93.655,-2.799,4.509,2.381,1.828,92.187,75.719,2.056,5.524,2.696,1.177,122.154,102.854,-6.338,5.119,1.866,1.308,-1.501
Rh0.1Cu0.9_111,-0.26,3702.689,136.257,-2.397,-0.405,1.598,5.963,87.354,107.022,-3.324,2.518,2.333,2.891,119.802,78.23,-5.244,5.88,2.187,1.057,-1.716
Rh0.15Cu0.85_111,-0.254,3583.017,151.985,-2.354,-0.224,1.636,5.526,87.268,106.006,-3.233,2.659,2.373,2.918,120.957,75.806,-5.189,5.999,2.139,1.041,-1.709
Pt0.4Cu0.6_111,-0.238,3151.849,113.437,-2.07,3.705,1.947,2.029,85.454,98.851,-3.158,3.176,2.801,2.852,128.229,57.454,-5.662,5.773,2.16,0.825,-1.57
Ir0.1Au0.9_111,-0.213,2339.278,129.444,-3.528,1.261,2.548,4.376,75.6,84.699,-4.272,2.213,2.509,3.129,170.543,126.056,-6.418,4.846,1.58,1.316,-1.199
Pt0.15Cu0.85_111,-0.197,3736.42,98.583,-2.359,3.693,1.642,2.625,84.719,104.585,-3.416,2.427,2.525,2.655,118.169,82.548,-5.551,5.712,2.298,1.083,-1.677
Ir0.5Au0.5_111,-0.145,1858.396,1083.425,-3.957,-0.389,2.502,1.858,98.518,93.334,-3.188,3,3.886,1.868,158.392,50.748,-6.665,-3.27,1.423,5.452,-0.867
Ir0.3Ag0.7_111,-0.121,2935.342,860.055,-4.109,-0.527,1.809,1.696,60.072,89.63,-1.075,3.603,3.591,2.404,139.359,53.365,-5.948,-2.324,1.367,2.477,-1.254
Ir0.35Ag0.65_111,-0.105,2807.375,1082.276,-4.121,-0.508,1.836,1.607,69.507,87.737,-0.524,3.602,3.579,1.875,132.31,52.644,-5.963,-0.585,1.219,6.844,-1.199
Ir0.7Au0.3_111,-0.105,1729.712,936.152,-3.504,0.123,3.165,1.434,118.731,80.507,-3.211,2.627,3.936,1.374,197.776,50.549,-6.853,-2.352,1.759,2.622,-0.557
Ir0.05Au0.95_111,-0.07,2552.186,107.745,-3.469,3.256,2.459,2.622,85.623,75.345,2.108,5.335,2.926,0.923,170.78,122.775,-6.372,4.735,1.555,1.328,-1.253
Ir0.45Ag0.55_111,-0.069,2450.937,1057.129,-4.101,-0.471,1.938,1.883,72.643,92.645,-1.04,3.716,3.733,1.927,134.318,50.688,-6.105,-0.669,1.395,6.441,-1.079
Ir0.7Ag0.3_111,-0.032,1830.963,1350.071,-4.255,-0.402,2.335,2.022,113.531,84.132,-2.954,2.746,3.959,1.431,166.179,48.214,-6.581,-2.277,1.428,6.567,-0.66
Rh0.65Ag0.35_111,-0.032,1989.433,1829.102,-4.065,-0.797,1.756,1.844,78.729,86.106,-2.307,2.838,3.353,1.477,115.562,46.129,-5.145,-0.635,1.347,5.276,-1.18
Cu0.85Au0.15_111,-0.032,3952.892,89.357,-2.38,4.222,1.487,2.734,106.371,77.862,2.162,6.002,2.499,1.205,106.368,93.131,-5.656,5.654,2.514,1.376,-1.762
Rh0.4Au0.6_111,-0.026,2032.825,1191.674,-3.614,-0.53,2.333,1.618,77.051,98.479,-2.973,3.31,3.393,2.34,119.468,51.798,-6.06,-2.744,1.416,4.66,-1.232
Pt0.75Ag0.25_111,-0.022,2026.857,1420.774,-3.575,-0.598,2.176,1.395,81.21,92.108,-3.132,3.379,3.1,2.416,162.302,52.568,-5.92,2.556,1.634,2.845,-1.268
Cu0.90Ag0.10_111,-0.019,4019.953,87.839,-2.441,4.306,1.521,2.714,77.735,108.88,-3.526,2.128,2.383,2.621,106.465,90.013,-5.407,5.664,2.452,1.374,-1.809
Cu0.55Ag0.45_111,-0.016,1933.379,3471.908,-4.454,-2.059,1.673,0.958,102.959,67.561,1.976,5.782,2.976,1.05,114.595,97.872,-5.915,5.392,1.455,1.307,-1.69
Ir0.2Au0.8_111,-0.015,1543.682,1107.709,-4.128,-1.953,2.183,2.877,76.702,73.246,-4.316,3.064,2.471,1.979,212.761,113.105,-5.74,5.019,2.055,0.997,-1.196
Pt0.65Au0.35_111,-0.008,1869.944,1079.785,-3.265,-0.552,2.6,1.075,82.774,85.58,-3.376,3.522,3.005,2.92,170.542,102.022,-6.14,5.641,1.652,0.924,-1.244
Rh0.25Ag0.75_111,0.001,3367.111,1054.726,-4.048,-0.646,1.711,1.122,49.967,99.834,-1.081,3.291,2.697,2.47,121.244,55.987,-5.537,-2.446,1.12,2.402,-1.462
Ag0.45Au0.55_111,0.006,3178.405,89.928,-3.844,3.627,2.036,2.597,90.144,69.136,1.988,5.468,2.948,1.111,135.376,101.891,-6.215,5.088,1.398,1.314,-1.369
Pt0.35Ag0.65_111,0.009,2845.29,1235.75,-4.013,-1.09,1.734,1.448,51.208,94.935,-2.415,3.125,2.751,2.722,142.78,68.235,-5.764,5.499,1.32,0.833,-1.446
Pt0.7Ag0.3_111,0.012,2041.071,1482.704,-3.673,-0.677,2.099,1.467,80.065,93.372,-3.111,3.362,3.09,2.414,162.306,52.364,-5.899,2.276,1.579,3.225,-1.319
Pt0.3Ag0.7_111,0.012,2943.015,1081.684,-4.038,-1.062,1.739,1.33,43.542,90.919,-2.149,2.917,2.73,2.618,136.415,92.772,-5.766,5.71,1.278,0.96,-1.427
Ir0.15Ag0.85_111,0.014,3431.541,583.24,-4.148,-0.543,1.761,0.906,57.786,93.496,-4.555,2.125,1.854,3.601,119.008,95.715,-5.902,5.505,1.078,0.97,-1.356
Ir0.4Ag0.6_111,0.018,2652.53,1123.249,-4.147,-0.624,1.821,1.846,71.22,99.617,-1.482,3.487,3.56,2.063,133.251,55.684,-6.045,-2.541,1.262,4.146,-1.202
Rh0.2Au0.8_111,0.024,2334.55,664.1,-3.431,-0.273,2.47,1.146,67.919,75.96,-4.255,3.216,2.306,2.003,156.343,92.902,-6.171,5.128,1.595,0.992,-1.311
Rh0.1Au0.9_111,0.025,2379.126,122.668,-3.399,1.26,2.549,4.428,71.745,86.45,-4.089,2.396,2.522,3.018,161.717,107.123,-6.255,5.044,1.583,1.298,-1.298
Pd0.55Ag0.45_111,0.038,2420.502,2252.935,-3.856,-1.103,1.535,1.472,59.312,98.508,-2.634,3.568,2.738,2.681,101.677,48.253,-4.822,0.21,1.313,5.322,-1.705
Rh0.05Au0.95_111,0.038,2472.125,98.924,-3.438,3.443,2.467,2.507,83.045,70.708,2.169,5.337,2.899,0.923,158.509,103.141,-6.36,4.794,1.544,1.277,-1.274
Pd0.15Au0.85_111,0.043,2533.179,99.179,-3.197,4.105,2.567,2.04,70.29,87.141,-3.947,2.421,2.496,2.81,162.131,106.823,-6.108,5.013,1.553,1.284,-1.401
Cu0.3Ag0.7_111,0.049,2894.101,1975.35,-4.197,-1.897,1.79,0.776,100.77,65.72,1.977,5.641,2.899,1.021,118.663,104.445,-5.893,5.276,1.214,1.263,-1.621
Ir0.65Au0.35_111,0.052,1741.255,1196.715,-3.926,-0.185,2.772,1.729,114.456,77.482,-3.183,2.519,3.969,1.398,175.034,49.061,-6.822,-2.087,1.518,6.781,-0.64
Pd0.5Ag0.5_111,0.053,2611.169,2239.015,-3.972,-1.198,1.459,1.459,55.523,99.652,-2.119,3.389,1.976,2.756,103.657,50.607,-4.944,-0.161,1.151,5.419,-1.688
Pt0.25Ag0.75_111,0.055,3168.152,874.093,-4.05,-0.952,1.772,1.188,90.284,45.088,2.839,5.72,2.555,0.81,135.454,94.255,-5.805,5.583,1.189,0.965,-1.441
Rh0.55Ag0.45_111,0.057,2169.639,1772.188,-4.151,-0.867,1.638,1.827,69.437,100.854,-1.767,3.379,3.103,1.812,106.488,60.032,-5.34,-3.018,1.034,2.877,-1.295
Ir0.05Ag0.95_111,0.061,3852.803,386.924,-4.222,-0.55,1.709,0.734,56.547,96,-4.698,1.971,1.696,3.304,117.928,95.308,-5.934,5.22,1.013,0.976,-1.383
Ir0.5Ag0.5_111,0.064,2419.752,1243.033,-4.228,-0.574,1.929,1.866,77.668,93.79,-0.955,3.351,3.587,1.566,142.861,50.9,-6.178,-0.703,1.377,7.076,-1.007
Ag0.1Au0.9_111,0.064,2448.015,1303.612,-4.066,-2.377,1.972,0.864,83.532,87.105,1.914,5.378,2.765,1.16,157.109,110.759,-6.325,4.768,1.491,1.614,-1.326
Ir0.6Ag0.4_111,0.065,1962.28,1245.53,-4.278,-0.543,2.113,2.086,99.357,99.484,-2.802,3.385,4.022,1.836,151.897,44.76,-6.378,-0.329,1.47,8.124,-0.84
Pd0.45Ag0.55_111,0.065,2713.266,2032.986,-3.906,-1.123,1.577,1.373,51.668,99.519,-2.053,3.336,2.057,2.738,95.958,52.86,-5.188,-3.342,1.028,2.354,-1.678
Pd0.05Au0.95_111,0.066,2684.396,100.463,-3.37,3.727,2.395,2.084,85.507,74.775,2.118,5.227,2.773,0.967,115.187,104.817,-6.29,4.681,1.132,1.316,-1.385
Pt0.15Ag0.85_111,0.067,3479.22,564.798,-4.137,-0.908,1.785,0.975,53.984,92.908,-4.4,2.187,2.07,3.233,115.619,97.718,-5.915,5.341,1.054,0.995,-1.397
Rh0.1Ag0.9_111,0.068,3713.332,783.662,-4.138,-0.603,1.677,0.791,57.398,99.494,-4.575,2.526,1.563,2.637,115.234,92.203,-5.702,5.497,1.034,0.951,-1.446
Pt0.45Au0.55_111,0.068,2000.777,1142.217,-3.497,-0.769,2.382,1.127,79.171,86.515,-3.468,3.314,2.979,2.952,171.947,108.1,-6.115,5.356,1.626,0.93,-1.313
Rh0.15Ag0.85_111,0.07,3559.482,718.104,-4.114,-0.563,1.719,0.954,47.676,71.554,0.132,3.597,3.675,2.799,113.151,89.382,-5.697,5.564,1.055,0.939,-1.438
Rh0.05Ag0.95_111,0.072,3897.521,403.596,-4.205,-0.528,1.704,0.73,54.615,95.812,-4.664,2.002,1.685,3.263,109.721,93.305,-5.874,5.234,0.995,0.953,-1.405
Ir0.1Ag0.9_111,0.072,3583.638,559.284,-4.17,-0.571,1.731,0.851,57.205,94.49,-4.596,2.087,1.79,3.512,120.977,96.197,-5.898,5.415,1.062,0.969,-1.376
Ir0.2Ag0.8_111,0.075,3327.779,776.358,-4.101,-0.554,1.768,1.012,56.022,84.604,-0.486,3.468,3.378,2.378,125.338,61.395,-5.88,5.343,1.101,0.861,-1.366
Rh0.3Ag0.7_111,0.075,3141.662,1246.653,-4.031,-0.63,1.715,1.254,52.95,100.775,-1.326,3.396,2.739,2.506,122.095,55.308,-5.48,-2.619,1.13,2.159,-1.434
Pd0.1Ag0.9_111,0.076,3670.015,574.792,-4.192,-1.216,1.743,0.674,51.209,95.061,-4.486,2.119,1.932,3.167,107.827,93.697,-5.84,5.288,1.025,0.966,-1.412
Pt0.35Au0.65_111,0.076,2204.964,101.018,-2.912,4.378,2.953,1.716,78.405,85.557,-3.579,2.769,2.916,2.602,171.264,114.804,-6.147,5.203,1.629,0.973,-1.332
Rh0.3Au0.7_111,0.077,2159.062,919.738,-3.488,-0.452,2.421,1.186,72.695,91.641,-3.309,3.03,3.186,2.605,151.369,81.105,-6.058,5.396,1.625,0.962,-1.278
Ag0.35Au0.65_111,0.078,3082.589,92.206,-3.77,3.68,2.091,2.511,89.445,74.835,1.982,5.458,2.895,1.127,140.701,101.444,-6.248,5.039,1.435,1.367,-1.367
Pt0.1Ag0.9_111,0.079,3605.888,670.477,-4.158,-1.15,1.734,0.64,53.93,94.085,-4.453,2.151,1.975,3.215,116.453,95.64,-5.895,5.317,0.996,0.982,-1.403
Pd0.35Ag0.65_111,0.079,3019.446,1679.147,-3.989,-1.162,1.658,1.186,46.781,99.694,-2.233,3.105,2.373,2.7,119.734,49.728,-5.354,1.376,1.126,3.34,-1.589
Cu0.15Ag0.85_111,0.081,3538.837,754.431,-4.09,-1.735,1.824,0.631,97.32,60.21,1.938,5.605,3.119,0.952,104.543,108.887,-5.863,5.234,1.009,1.23,-1.575
Pt0.05Ag0.95_111,0.085,3810.72,110.3,-4.19,0.907,1.746,4.053,54.47,95.275,-4.618,1.986,1.792,3.139,117.317,90.716,-5.893,5.155,1.052,0.945,-1.438
Pd0.3Ag0.7_111,0.085,3110.272,1430.807,-4.041,-1.218,1.683,1.033,45.36,96.746,-4.697,2.827,1.312,2.775,118.106,80.666,-5.467,5.836,1.105,0.891,-1.54
Pt0.2Ag0.8_111,0.087,3259.29,747.328,-4.08,-0.96,1.782,1.166,46.416,90.951,-4.814,2.748,1.486,2.519,132.082,95.011,-5.845,5.494,1.2,0.974,-1.426
Pt0.05Au0.95_111,0.089,2054.015,1497.554,-4.218,-2.205,1.956,1.257,85.409,76.617,2.117,5.314,2.742,0.953,167.493,122.713,-6.346,4.704,1.571,1.349,-1.315
Ir0.8Ag0.2_111,0.09,1840.402,1226.088,-3.773,0.07,2.865,1.632,130.725,57.106,-3.109,2.048,3.887,1.096,180.891,51.125,-6.752,-3.404,1.434,6.065,-0.469
Ir0.85Au0.15_111,0.093,1660.784,1013.922,-3.399,0.259,3.401,1.373,137.941,55.617,-3.3,2.136,3.908,1.049,217.266,52.577,-6.983,-2.719,1.824,1.768,-0.312
Pd0.4Ag0.6_111,0.095,2935.8,1964.645,-4.016,-1.226,1.534,1.288,49.401,100.368,-1.991,3.151,1.796,2.769,121.131,49.227,-5.233,1.522,1.121,3.295,-1.628
Ag0.25Au0.75_111,0.096,2897.909,92.588,-3.695,3.74,2.156,2.436,85.247,79.269,1.94,5.396,2.848,1.149,151.325,108.495,-6.287,4.902,1.463,1.501,-1.332
Cu0.05Ag0.95_111,0.098,3940.864,79.01,-4.093,2.387,1.751,4.308,96.362,59.606,1.931,5.578,3.097,0.944,115.706,105.287,-5.768,5.243,1.055,1.155,-1.55
Rh0.35Au0.65_111,0.098,2133.244,1042.697,-3.514,-0.416,2.405,1.476,76.97,80.612,-3.251,2.538,3.134,2.307,122.671,51.744,-6.113,3.709,1.434,2.585,-1.246
Pt0.4Ag0.6_111,0.099,2771.851,1297.574,-3.896,-0.963,1.779,1.216,53.916,94.857,-2.463,3.208,2.795,2.707,147.103,65.252,-5.678,5.604,1.348,0.812,-1.471
Ir0.25Ag0.75_111,0.103,3155.996,735.576,-4.096,-0.554,1.814,1.1,57.5,85.098,-0.661,3.508,3.45,2.396,124.928,61.318,-5.908,5.417,1.13,0.853,-1.33
Pd0.05Ag0.95_111,0.103,3849.478,108.643,-4.194,0.577,1.743,4.285,53.284,96.153,-4.61,1.991,1.774,3.101,113.165,89.56,-5.839,5.159,1.044,0.934,-1.448
Cu0.1Ag0.9_111,0.105,3579.985,102.628,-4.042,0.514,1.895,4.53,97.008,60.169,1.934,5.596,3.115,0.953,113.536,103.606,-5.791,5.254,1.071,1.167,-1.568
Rh0.65Au0.35_111,0.106,2067.891,1153.852,-2.885,-0.199,3.032,1.036,95.734,94.946,-2.597,2.77,3.411,1.442,134.994,50.674,-5.757,-0.775,1.652,5.334,-1.079
Ag0.6Au0.4_111,0.111,3412.54,87.403,-3.945,3.579,1.938,2.738,92.656,63.872,1.999,5.527,3.013,1.071,128.629,103.648,-6.123,5.181,1.322,1.264,-1.397
Rh0.2Ag0.8_111,0.115,3344.844,919.746,-4.079,-0.619,1.722,1.034,48.023,91.152,-4.7,3.276,1.401,2.405,112.946,54.043,-5.619,-2.419,1.067,2.826,-1.436
Pd0.2Ag0.8_111,0.117,3383.846,983.662,-4.089,-1.174,1.723,0.894,42.823,96.257,-4.793,2.638,1.366,2.65,115.824,88.02,-5.643,5.592,1.074,0.922,-1.508
Pt0.25Au0.75_111,0.117,2261.798,102.292,-3.171,4.279,2.794,2.07,73.896,83.237,-3.892,2.544,2.734,2.835,167.147,129.01,-6.263,5.067,1.595,1.262,-1.287
Ag0.5Au0.5_111,0.119,3179.185,87.941,-3.862,3.637,2.013,2.615,89.826,67.225,1.983,5.479,2.937,1.114,133.338,100.304,-6.215,5.117,1.357,1.299,-1.369
Ag0.75Au0.25_111,0.123,3608.627,85.372,-4.035,3.551,1.862,2.821,94.258,61.749,1.969,5.559,3.032,1.044,123.49,102.935,-6.07,5.244,1.25,1.227,-1.409
Ag0.55Au0.45_111,0.124,3304.628,88.672,-3.92,3.554,1.98,2.703,91.108,65.868,1.99,5.497,3.002,1.09,128.985,102.218,-6.164,5.134,1.389,1.297,-1.388
Rh0.15Au0.85_111,0.127,2275.199,176.474,-3.408,0.174,2.569,4.161,70.637,86.399,-4.021,2.493,2.6,3.053,132.987,107.859,-6.322,5.151,1.365,1.219,-1.284
Ir0.55Au0.45_111,0.139,1748.148,1105.929,-3.965,-0.297,2.614,1.788,101.424,93.255,-3.172,3.155,3.966,1.853,167.18,49.016,-6.74,-0.478,1.595,6.779,-0.782
Ir0.6Au0.4_111,0.14,1676.33,1081.961,-3.9,-0.202,2.727,1.786,105.645,94.98,-3.157,3.275,3.954,1.849,184.159,56.196,-6.777,2.928,1.712,2.082,-0.687
Cu0.1Au0.9_111,0.142,2478.261,94.837,-3.409,4.244,2.5,2.038,86.227,89.168,1.907,5.486,2.697,1.195,140.749,105.384,-6.571,4.921,1.684,1.471,-1.259
Ag0.95Au0.05_111,0.143,4038.81,81.803,-4.16,3.574,1.719,2.91,96.218,59.256,1.923,5.617,3.064,0.974,117.19,104.524,-5.897,5.304,1.085,1.153,-1.457
Cu0.4Ag0.6_111,0.144,2559.17,2657.812,-4.294,-1.989,1.695,0.863,100.653,64.931,1.98,5.664,3.001,1.027,116.812,100.675,-5.857,5.293,1.329,1.281,-1.635
Ag0.7Au0.3_111,0.145,3565.361,85.987,-4.01,3.571,1.882,2.792,94.304,61.488,1.988,5.556,3.041,1.042,126.08,103.622,-6.092,5.244,1.249,1.22,-1.403
Ag0.90Au0.10_111,0.15,3918.008,82.972,-4.133,3.542,1.756,2.9,95.73,59.78,1.933,5.595,3.056,1.001,117.541,104.026,-5.956,5.281,1.155,1.184,-1.438
Ir0.3Au0.7_111,0.15,1261.827,1272.09,-4.315,-1.955,2.135,2.932,80.049,71.538,-4.2,3.339,2.606,1.889,176.709,101.001,-6.379,5.175,1.636,1.019,-1.122
Ag0.4Au0.6_111,0.153,3120.024,91.583,-3.793,3.671,2.073,2.534,89.995,71.961,1.995,5.471,2.934,1.121,139.911,101.176,-6.241,5.076,1.407,1.348,-1.366
Cu0.05Au0.95_111,0.163,2660.601,96.468,-3.415,3.962,2.349,2.119,83.524,93.477,1.888,5.379,2.69,1.193,159.428,121.426,-6.319,4.628,1.569,1.75,-1.361
Ag0.3Au0.7_111,0.171,2566.384,1411.091,-4.22,-2.537,1.826,0.923,86.297,74.043,1.985,5.438,2.904,1.132,141.983,98.083,-6.284,4.992,1.42,1.381,-1.346
Ag0.15Au0.85_111,0.2,2524.049,1294.331,-4.08,-2.386,1.96,0.854,84.989,87.064,1.913,5.387,2.782,1.162,157.481,111.746,-6.314,4.812,1.493,1.587,-1.334
Ag0.2Au0.8_111,0.206,2569.095,1360.93,-4.146,-2.464,1.901,0.892,86.617,82.046,1.941,5.387,2.835,1.148,89.057,103.737,-6.321,4.867,2.011,1.473,-1.328
Ag0.05Au0.95_111,0.208,2367.064,1290.837,-4.035,-2.345,2.008,0.856,81.263,90.847,1.869,5.348,2.707,1.175,158.12,116.121,-6.34,4.622,1.516,1.714,-1.311
Ag0.85Au0.15_111,0.215,3747.643,81.702,-4.12,3.511,1.784,2.902,92.856,58.074,1.946,5.59,3.075,1.001,116.488,101.043,-5.967,5.279,1.155,1.181,-1.435
Ag0.65Au0.35_111,0.244,3445.639,86.564,-3.975,3.563,1.918,2.762,92.722,63.705,1.974,5.523,2.999,1.076,126.307,103.134,-6.123,5.187,1.316,1.254,-1.394
Ag0.8Au0.2_111,0.25,3679.921,83.435,-4.069,3.539,1.822,2.861,93.789,60.206,1.959,5.577,3.039,1.03,119.41,101.978,-6.012,5.267,1.22,1.207,-1.433